,Player,Code,Pos,PER,G,MP,3P%,PTS,Salary
0,Precious Achiuwa,achiupr01,PF,14.2,61,12.1,0.0,5.0,2711280.0
1,Steven Adams,adamsst01,C,15.1,58,27.7,0.0,7.6,17073171.0
2,Bam Adebayo,adebaba01,C,22.7,64,33.5,0.25,18.7,28103550.0
3,LaMarcus Aldridge,aldrila01,C,15.7,26,25.9,0.388,13.5,2641691.0
4,Nickeil Alexander-Walker,alexani01,SG,12.5,46,21.9,0.347,11.0,3261480.0
5,Grayson Allen,allengr01,SG,12.8,50,25.2,0.391,10.6,4054695.0
6,Jarrett Allen,allenja01,C,20.1,63,29.6,0.316,12.8,20000000.0
7,Kyle Anderson,anderky01,PF,17.2,69,27.3,0.36,12.4,9937150.0
8,Giannis Antetokounmpo,antetgi01,PF,29.2,61,33.0,0.303,28.1,39344970.0
9,Thanasis Antetokounmpo,antetth01,SF,10.3,57,9.7,0.241,2.9,1729217.0
10,Carmelo Anthony,anthoca01,PF,14.6,69,24.5,0.409,13.4,2641691.0
11,Cole Anthony,anthoco01,PG,12.1,47,27.1,0.337,12.9,3449400.0
12,OG Anunoby,anunoog01,SF,15.4,43,33.3,0.398,15.9,16071429.0
13,Trevor Ariza,arizatr01,SF,11.9,30,28.0,0.35,9.4,2641691.0
14,D.J. Augustin,augusdj01,PG,12.1,57,19.8,0.382,7.7,7000000.0
15,Deni Avdija,avdijde01,SF,7.6,54,23.3,0.315,6.3,4692840.0
16,Deandre Ayton,aytonde01,C,20.3,69,30.7,0.2,14.4,12632950.0
17,Udoka Azubuike,azubuud01,C,10.3,15,3.8,,1.1,2075880.0
18,Marvin Bagley III,baglema01,PF,16.3,43,25.9,0.343,14.1,11312114.0
19,LaMelo Ball,ballla01,PG,17.5,51,28.8,0.352,15.7,8231760.0
20,Lonzo Ball,balllo01,PG,15.2,55,31.8,0.378,14.6,19767442.0
21,Mo Bamba,bambamo01,C,19.3,46,15.8,0.322,8.0,7568742.0
22,Desmond Bane,banede01,SG,12.2,68,22.3,0.432,9.2,2033160.0
23,Harrison Barnes,barneha02,PF,15.4,58,36.2,0.391,16.1,20284091.0
24,RJ Barrett,barrerj01,SG,13.4,72,34.9,0.401,17.6,8623920.0
25,Will Barton,bartowi01,SF,11.8,56,31.0,0.381,12.7,15384615.0
26,Keita Bates-Diop,bateske01,SF,12.0,30,8.2,0.294,2.6,1729217.0
27,Nicolas Batum,batumni01,SF,12.9,67,27.4,0.404,8.1,12213507.0
28,Kent Bazemore,bazemke01,SF,10.6,67,19.9,0.408,7.2,2401537.0
29,Darius Bazley,bazleda01,PF,9.7,55,31.2,0.29,13.7,2513040.0
30,Bradley Beal,bealbr01,SG,22.7,60,35.8,0.349,31.3,34502130.0
31,Malik Beasley,beaslma01,SG,14.6,37,32.8,0.399,19.6,14391964.0
32,DeAndre' Bembry,bembrde01,SF,11.2,51,19.1,0.264,5.7,1939350.0
33,Dāvis Bertāns,bertada01,PF,11.4,57,25.7,0.395,11.5,16000000.0
34,Patrick Beverley,beverpa01,PG,12.0,37,22.5,0.397,7.5,14320988.0
35,Saddiq Bey,beysa01,SF,12.6,70,27.3,0.38,12.2,2824320.0
36,Khem Birch,birchkh01,C,15.1,67,22.8,0.25,7.2,6350000.0
37,Goga Bitadze,bitadgo01,C,16.3,45,12.5,0.253,5.1,3098400.0
38,Nemanja Bjelica,bjeline01,PF,12.9,37,16.1,0.318,6.5,2089448.0
39,Eric Bledsoe,bledser01,SG,11.5,71,29.7,0.341,12.2,18125000.0
40,Bogdan Bogdanović,bogdabo01,SG,17.6,44,29.7,0.438,16.4,18000000.0
41,Bojan Bogdanović,bogdabo02,SF,14.0,72,30.8,0.39,17.0,18700000.0
42,Bol Bol,bolbo01,PF,9.4,32,5.0,0.375,2.2,2161152.0
43,Isaac Bonga,bongais01,SF,4.0,40,10.8,0.277,2.0,1729217.0
44,Devin Booker,bookede01,SG,19.2,67,33.9,0.34,25.6,31610000.0
45,Chris Boucher,bouchch01,C,21.9,60,24.2,0.383,13.6,7009615.0
46,Avery Bradley,bradlav01,SG,6.3,27,22.3,0.327,6.4,2641691.0
47,Tony Bradley,bradlto01,C,20.7,42,16.3,0.0,7.1,1789256.0
48,Mikal Bridges,bridgmi01,SF,16.4,72,32.6,0.425,13.5,5557725.0
49,Miles Bridges,bridgmi02,PF,14.7,66,29.3,0.4,12.7,5421493.0
50,Oshae Brissett,brissos01,SF,17.2,21,24.7,0.423,10.9,1701593.0
51,Malcolm Brogdon,brogdma01,PG,17.9,56,34.5,0.388,21.2,21700000.0
52,Armoni Brooks,brookar01,SG,10.4,20,26.0,0.382,11.2,1489065.0
53,Dillon Brooks,brookdi01,SF,12.1,67,29.8,0.344,17.2,12200000.0
54,Bruce Brown,brownbr01,PG,16.1,65,22.3,0.288,8.8,4736102.0
55,Jaylen Brown,brownja02,SG,19.9,58,34.5,0.397,24.7,24830357.0
56,Moses Brown,brownmo01,C,18.8,43,21.4,,8.6,1701593.0
57,Sterling Brown,brownst02,SG,11.1,51,24.1,0.423,8.2,3000000.0
58,Troy Brown Jr.,browntr01,SF,8.5,34,15.4,0.314,4.7,5170564.0
59,Jalen Brunson,brunsja01,PG,17.1,68,25.0,0.405,12.6,1802057.0
60,Thomas Bryant,bryanth01,C,18.7,10,27.1,0.429,14.3,8730159.0
61,Reggie Bullock,bullore01,SF,11.1,65,30.0,0.41,10.9,9536000.0
62,Trey Burke,burketr01,PG,12.6,62,14.7,0.354,6.6,3333333.0
63,Alec Burks,burksal01,SG,14.8,49,25.6,0.415,12.7,9536000.0
64,Jimmy Butler,butleji01,SF,26.5,52,33.6,0.245,21.5,36016200.0
65,Kentavious Caldwell-Pope,caldwke01,SG,10.7,67,28.4,0.41,9.7,13038862.0
66,Facundo Campazzo,campafa01,PG,11.6,65,21.9,0.352,6.1,3804150.0
67,Vlatko Čančar,cancavl01,PF,9.7,41,6.9,0.273,2.1,1782621.0
68,Clint Capela,capelca01,C,24.3,63,30.1,,15.2,17103448.0
69,Vernon Carey Jr.,careyve01,C,11.7,19,6.1,0.143,2.4,1517981.0
70,Jevon Carter,carteje01,PG,12.2,60,12.0,0.371,4.1,3833333.0
71,Wendell Carter Jr.,cartewe01,C,16.7,54,25.5,0.294,11.2,6920027.0
72,Michael Carter-Williams,cartemi01,SG,9.5,31,25.8,0.246,8.8,3000000.0
73,Alex Caruso,carusal01,PG,11.1,58,21.0,0.401,6.4,8604651.0
74,Willie Cauley-Stein,caulewi01,C,14.3,53,17.1,0.091,5.3,4200000.0
75,Gary Clark,clarkga01,PF-SF,6.0,39,16.8,0.287,3.1,2100000.0
76,Brandon Clarke,clarkbr01,PF,17.3,59,24.0,0.26,10.3,2726880.0
77,Jordan Clarkson,clarkjo01,SG,17.1,68,26.7,0.347,18.4,12420000.0
78,Nicolas Claxton,claxtni01,C,16.9,32,18.6,0.2,6.6,1782621.0
79,John Collins,collijo01,PF,20.6,63,29.3,0.399,17.6,23000000.0
80,Mike Conley,conlemi01,PG,19.2,51,29.4,0.412,16.2,21000000.0
81,Pat Connaughton,connapa01,SG,11.3,69,22.8,0.371,6.8,5333333.0
82,Robert Covington,covinro01,PF,11.2,70,32.0,0.379,8.5,12975471.0
83,Torrey Craig,craigto01,SF,14.2,50,16.1,0.368,5.5,4878049.0
84,Jae Crowder,crowdja01,PF,11.8,60,27.5,0.389,10.1,9720900.0
85,Jarrett Culver,culveja01,SG,8.8,34,14.7,0.245,5.3,6395160.0
86,Seth Curry,curryse01,SG,12.9,57,28.7,0.45,12.5,8186047.0
87,Stephen Curry,curryst01,PG,26.3,63,34.2,0.421,32.0,45780966.0
88,Anthony Davis,davisan02,PF,22.1,36,32.3,0.26,21.8,35361360.0
89,Ed Davis,davised01,C,13.1,23,13.0,,2.1,2641691.0
90,Terence Davis,daviste02,SG,12.7,61,17.6,0.367,8.7,4000000.0
91,Gabriel Deck,deckga01,PF,16.1,10,21.2,0.133,8.4,3670000.0
92,Dewayne Dedmon,dedmode01,C,24.5,16,13.1,0.2,7.1,5256308.0
93,DeMar DeRozan,derozde01,PF,22.0,61,33.7,0.257,21.6,26984127.0
94,Hamidou Diallo,diallha01,SG-SF,14.3,52,23.6,0.341,11.6,5200000.0
95,Gorgui Dieng,dienggo01,C,19.2,38,14.5,0.429,6.8,4000000.0
96,Spencer Dinwiddie,dinwisp01,SG,10.1,3,21.3,0.286,6.7,17142857.0
97,Donte DiVincenzo,divindo01,SG,13.0,66,27.5,0.379,10.4,4675830.0
98,Luka Dončić,doncilu01,PG,25.3,66,34.3,0.35,27.7,10174391.0
99,Luguentz Dort,dortlu01,SG,10.1,52,29.7,0.343,14.0,1782621.0
100,Sekou Doumbouya,doumbse01,PF,6.9,56,15.5,0.226,5.1,
101,Goran Dragić,dragigo01,PG,13.0,50,26.7,0.373,13.4,19440000.0
102,Andre Drummond,drumman01,C,19.4,46,27.0,0.0,14.9,2401537.0
103,Kevin Durant,duranke01,PF,26.4,35,33.1,0.45,26.9,40918900.0
104,Anthony Edwards,edwaran01,SG,13.9,72,32.1,0.329,19.3,10245480.0
105,CJ Elleby,ellebcj01,SF,9.4,30,6.4,0.206,2.3,1517981.0
106,Wayne Ellington,ellinwa01,SG,12.2,46,22.0,0.422,9.6,2641691.0
107,Joel Embiid,embiijo01,C,30.3,51,31.1,0.377,28.5,31579390.0
108,Drew Eubanks,eubandr01,C,17.9,54,14.0,1.0,5.8,1762796.0
109,Derrick Favors,favorde01,C,19.7,68,15.3,0.0,5.4,9720900.0
110,Bruno Fernando,fernabr01,C,6.2,33,6.8,0.0,1.5,1782621.0
111,Dorian Finney-Smith,finnedo01,PF,12.0,60,32.0,0.394,9.8,4000000.0
112,Malachi Flynn,flynnma01,PG,10.9,47,19.7,0.321,7.5,2048040.0
113,Bryn Forbes,forbebr01,SG,12.8,70,19.3,0.452,10.0,4500000.0
114,Evan Fournier,fournev01,SF-SG,16.7,42,30.0,0.413,17.1,18139535.0
115,De'Aaron Fox,foxde01,PG,20.7,58,35.1,0.322,25.2,28103550.0
116,Markelle Fultz,fultzma01,PG,12.0,8,26.9,0.25,12.9,16500000.0
117,Daniel Gafford,gaffoda01,PF-C,22.2,54,14.6,,7.0,1782621.0
118,Danilo Gallinari,gallida01,PF,16.3,51,24.0,0.406,13.3,20475000.0
119,Darius Garland,garlada01,PG,14.2,54,33.1,0.395,17.4,7040880.0
120,Rudy Gay,gayru01,PF,14.7,63,21.6,0.381,11.4,5890000.0
121,Paul George,georgpa01,SF,20.5,54,33.7,0.411,23.3,39344970.0
122,Taj Gibson,gibsota01,PF,16.0,45,20.8,0.2,5.4,4910000.0
123,Shai Gilgeous-Alexander,gilgesh01,SG,21.6,35,33.7,0.418,23.7,5495532.0
124,Anthony Gill,gillan01,PF,13.7,26,8.4,0.292,3.1,1517981.0
125,Rudy Gobert,goberru01,C,23.5,71,30.8,0.0,14.3,35344828.0
126,Aaron Gordon,gordoaa01,PF,14.5,50,27.7,0.335,12.4,16409091.0
127,Eric Gordon,gordoer01,SG,14.4,27,29.2,0.329,17.8,18218818.0
128,Devonte' Graham,grahade01,PG,14.6,55,30.2,0.375,14.8,11000000.0
129,Jerami Grant,grantje01,SF,16.9,54,33.9,0.35,22.3,20000000.0
130,Danny Green,greenda02,SF,12.1,69,28.0,0.405,9.5,10000000.0
131,Draymond Green,greendr01,PF,13.3,63,31.5,0.27,7.0,24026712.0
132,JaMychal Green,greenja01,PF,13.6,58,19.3,0.399,8.1,8292683.0
133,Javonte Green,greenja02,SG-PG,12.1,41,11.5,0.333,3.6,1669178.0
134,Jeff Green,greenje02,C,13.0,68,27.0,0.412,11.0,4500000.0
135,Josh Green,greenjo02,SG,8.8,39,11.4,0.16,2.6,2957520.0
136,Blake Griffin,griffbl01,PF,12.9,46,25.8,0.341,11.0,32405817.0
137,Rui Hachimura,hachiru01,PF,11.4,57,31.5,0.328,13.8,4916160.0
138,Tyrese Haliburton,halibty01,PG,16.2,58,30.1,0.409,13.0,4023600.0
139,R.J. Hampton,hamptrj01,SG-PG,11.1,51,17.4,0.31,6.9,2303040.0
140,Tim Hardaway Jr.,hardati02,SG,15.7,70,28.4,0.391,16.6,21306816.0
141,James Harden,hardeja01,PG-SG,24.5,44,36.6,0.362,24.6,43848000.0
142,Maurice Harkless,harklma01,PF-SF,8.1,37,20.9,0.274,5.2,4347600.0
143,Montrezl Harrell,harremo01,C,22.7,69,22.9,0.0,13.5,9720900.0
144,Gary Harris,harriga01,SG,9.1,39,27.7,0.34,9.9,20482143.0
145,Joe Harris,harrijo01,SF,14.1,69,31.0,0.475,14.1,17357143.0
146,Tobias Harris,harrito02,PF,20.0,62,32.5,0.394,19.5,36000000.0
147,Josh Hart,hartjo01,SF,12.2,47,28.7,0.326,9.2,12000000.0
148,Isaiah Hartenstein,harteis01,C,17.9,46,12.2,0.333,5.1,3430810.0
149,Udonis Haslem,hasleud01,C,54.6,1,3.0,,4.0,2641691.0
150,Jaxson Hayes,hayesja02,C,19.1,60,16.1,0.429,7.5,5348280.0
151,Killian Hayes,hayeski01,PG,5.3,26,25.8,0.278,6.8,5572680.0
152,Gordon Hayward,haywago01,SF,17.6,44,34.0,0.415,19.6,29900000.0
153,Juan Hernangómez,hernaju01,PF,12.1,52,17.3,0.327,7.2,7012440.0
154,Willy Hernangómez,hernawi01,C,19.6,47,18.0,0.1,7.8,2327220.0
155,Tyler Herro,herroty01,SG,13.3,54,30.3,0.36,15.1,4004280.0
156,Buddy Hield,hieldbu01,SG,12.8,71,34.3,0.391,16.6,22477273.0
157,George Hill,hillge01,PG,13.1,30,22.4,0.388,8.7,4000000.0
158,Solomon Hill,hillso01,PF,6.7,71,21.3,0.321,4.5,2389641.0
159,Aaron Holiday,holidaa01,PG,9.2,66,17.8,0.368,7.2,3980551.0
160,Jrue Holiday,holidjr01,PG,20.0,59,32.3,0.392,17.7,30133333.0
161,Justin Holiday,holidju01,SG,10.4,72,30.3,0.382,10.5,6006420.0
162,Richaun Holmes,holmeri01,C,20.2,61,29.2,0.182,14.2,10384500.0
163,Rodney Hood,hoodro01,SF,5.6,55,17.1,0.301,4.5,2239544.0
164,Al Horford,horfoal01,C,17.4,28,27.9,0.368,14.2,27000000.0
165,Talen Horton-Tucker,hortota01,SG,12.9,65,20.1,0.282,9.0,9500000.0
166,Danuel House,houseda01,SF,9.1,36,25.9,0.346,8.8,3894000.0
167,Dwight Howard,howardw01,C,17.8,69,17.3,0.25,7.0,2641691.0
168,Kevin Huerter,huertke01,SG,12.2,69,30.8,0.363,11.9,4253357.0
169,Elijah Hughes,hugheel01,SF,8.4,18,3.6,0.348,1.7,1517981.0
170,De'Andre Hunter,huntede01,SF,15.7,23,29.5,0.326,15.0,7775400.0
171,Chandler Hutchison,hutchch01,SF,6.8,25,13.8,0.364,4.3,
172,Serge Ibaka,ibakase01,C,18.2,41,23.3,0.339,11.1,9742000.0
173,Andre Iguodala,iguodan01,SF,9.2,63,21.3,0.33,4.4,2641691.0
174,Joe Ingles,inglejo01,SF,15.9,67,27.9,0.451,12.1,14000000.0
175,Brandon Ingram,ingrabr01,SF,19.2,61,34.3,0.381,23.8,29467800.0
176,Kyrie Irving,irvinky01,PG,24.4,54,34.9,0.402,26.9,34916200.0
177,Frank Jackson,jacksfr01,PG,13.3,40,18.5,0.407,9.8,3000000.0
178,Jaren Jackson Jr.,jacksja02,C,18.0,11,23.5,0.283,14.4,9180560.0
179,Josh Jackson,jacksjo02,SG,12.0,62,25.2,0.3,13.4,5005350.0
180,Reggie Jackson,jacksre01,SG,14.2,67,23.0,0.433,10.7,10384500.0
181,LeBron James,jamesle01,PG,24.2,45,33.4,0.365,25.0,41180544.0
182,Ty Jerome,jeromty01,SG,13.4,33,23.9,0.423,10.7,2412840.0
183,Isaiah Joe,joeis01,SG,9.5,41,9.3,0.368,3.7,1517981.0
184,Alize Johnson,johnsal02,PF,23.5,18,10.5,0.167,5.2,1729217.0
185,Cameron Johnson,johnsca02,PF,11.8,60,24.0,0.349,9.6,4437000.0
186,James Johnson,johnsja01,PF,11.4,51,20.5,0.258,7.2,2641691.0
187,Keldon Johnson,johnske04,SF,13.8,69,28.5,0.331,12.8,2145720.0
188,Nikola Jokić,jokicni01,C,31.3,72,34.6,0.388,26.4,30510423.0
189,Damian Jones,jonesda03,C,14.6,39,14.0,0.2,4.7,1977011.0
190,Derrick Jones Jr.,jonesde02,SF,11.9,58,22.7,0.316,6.8,9731707.0
191,Tre Jones,jonestr01,PG,12.1,37,7.3,0.6,2.5,1517981.0
192,Tyus Jones,jonesty01,PG,15.0,70,17.5,0.321,6.3,7522200.0
193,DeAndre Jordan,jordade01,C,17.1,57,21.9,0.0,7.5,2641691.0
194,Cory Joseph,josepco01,PG,12.5,63,23.0,0.341,8.2,7310000.0
195,Frank Kaminsky,kaminfr01,C,15.8,47,15.2,0.365,6.6,2089448.0
196,Enes Kanter,kanteen01,C,22.4,72,24.4,0.25,11.2,2641691.0
197,Luke Kennard,kennalu01,SG,12.7,63,19.6,0.446,8.3,12727273.0
198,Maxi Kleber,klebima01,PF,10.6,50,26.8,0.41,7.1,8750000.0
199,Kevin Knox,knoxke01,SF,9.1,42,11.0,0.393,3.9,5845978.0
200,John Konchar,konchjo01,SG,14.8,43,13.4,0.375,4.3,2197674.0
201,Furkan Korkmaz,korkmfu01,SG,12.8,55,19.3,0.375,9.1,4629630.0
202,Kyle Kuzma,kuzmaky01,SF,12.7,68,28.7,0.361,12.9,13000000.0
203,Jeremy Lamb,lambje01,SG,15.8,36,21.3,0.406,10.1,10500000.0
204,Romeo Langford,langfro01,SG,5.1,18,15.7,0.278,3.1,3804360.0
205,Zach LaVine,lavinza01,SG,21.5,58,35.1,0.419,27.4,19500000.0
206,Jake Layman,laymaja01,SF,11.4,45,13.9,0.295,5.1,3940184.0
207,Damion Lee,leeda03,SG,11.8,57,18.9,0.397,6.5,1910860.0
208,Saben Lee,leesa01,PG,13.8,48,16.3,0.348,5.6,1489065.0
209,Alex Len,lenal01,C,16.4,64,15.3,0.32,6.6,3731707.0
210,Kawhi Leonard,leonaka01,SF,26.0,52,34.1,0.398,24.8,39344900.0
211,Caris LeVert,leverca01,SG,17.8,47,31.6,0.326,20.2,17500000.0
212,Kira Lewis Jr.,lewiski01,PG,10.3,54,16.7,0.333,6.4,3822240.0
213,Damian Lillard,lillada01,PG,25.6,67,35.8,0.391,28.8,43750000.0
214,Nassir Little,littlna01,PF,11.6,48,13.3,0.35,4.6,2316240.0
215,Kevon Looney,looneke01,C,11.9,61,19.0,0.235,4.1,5178572.0
216,Brook Lopez,lopezbr01,C,15.4,70,27.2,0.338,12.3,13302325.0
217,Robin Lopez,lopezro01,C,16.7,71,19.1,0.278,9.0,5000000.0
218,Didi Louzada,louzama01,SF,-0.9,3,18.7,0.25,2.7,1786878.0
219,Kevin Love,loveke01,PF,15.1,25,24.9,0.365,12.2,31300000.0
220,Kyle Lowry,lowryky01,PG,16.5,46,34.8,0.396,17.2,26984128.0
221,Timothé Luwawu-Cabarrot,luwawti01,SF,7.8,58,18.1,0.314,6.4,1939350.0
222,Trey Lyles,lylestr01,PF,11.4,23,15.6,0.35,5.0,2500000.0
223,Théo Maledon,maledth01,PG,8.2,65,27.4,0.335,10.1,2000000.0
224,Terance Mann,mannte01,SG,13.8,67,18.9,0.418,7.0,1782621.0
225,Boban Marjanović,marjabo01,C,22.6,33,8.2,0.125,4.7,3500000.0
226,Lauri Markkanen,markkla01,PF,15.2,51,25.8,0.402,13.6,15690909.0
227,Naji Marshall,marshna01,SF,11.4,32,21.9,0.349,7.7,1517981.0
228,Cody Martin,martico01,SF,10.6,52,16.3,0.276,4.0,1782621.0
229,Kelan Martin,martike03,SF,13.9,35,9.2,0.4,4.5,1701593.0
230,Kenyon Martin Jr.,martike04,SF,14.6,45,23.7,0.365,9.3,1517981.0
231,Tyrese Maxey,maxeyty01,SG,14.5,61,15.3,0.301,8.0,2602920.0
232,CJ McCollum,mccolcj01,SG,20.8,47,34.0,0.402,23.1,30864198.0
233,T.J. McConnell,mccontj01,PG,16.9,69,26.0,0.313,8.6,7500000.0
234,Jaden McDaniels,mcdanja02,PF,8.9,63,24.0,0.364,6.8,2063280.0
235,Jalen McDaniels,mcdanja01,SF,11.4,47,19.2,0.333,7.4,1782621.0
236,Doug McDermott,mcderdo01,PF,15.6,66,24.5,0.388,13.6,13750000.0
237,JaVale McGee,mcgeeja01,C,17.0,46,14.7,0.208,7.3,5000000.0
238,Rodney McGruder,mcgruro01,SG,16.1,16,12.1,0.458,5.7,1939350.0
239,Jordan McLaughlin,mclaujo01,PG,12.0,51,18.4,0.359,5.0,1669178.0
240,Ben McLemore,mclembe01,SG,8.5,53,17.1,0.346,7.7,2389641.0
241,De'Anthony Melton,meltode01,PG,15.2,52,20.1,0.412,9.1,8437500.0
242,Sam Merrill,merrisa01,SG,11.9,30,7.8,0.447,3.0,1517981.0
243,Chimezie Metu,metuch01,C,14.5,36,13.6,0.351,6.3,1762796.0
244,Khris Middleton,middlkh01,SF,18.2,68,33.4,0.414,20.4,35500000.0
245,Patty Mills,millspa02,PG,11.8,68,24.8,0.375,10.8,5890000.0
246,Paul Millsap,millspa01,PF,16.4,56,20.8,0.343,9.0,2641691.0
247,Shake Milton,miltosh01,SG,14.6,63,23.2,0.35,13.0,1846738.0
248,Donovan Mitchell,mitchdo01,PG,21.3,53,33.4,0.386,26.4,28103550.0
249,Malik Monk,monkma01,SG,13.6,42,20.9,0.401,11.7,1789256.0
250,E'Twaun Moore,mooreet01,SG,10.4,27,14.4,0.314,4.9,2641691.0
251,Ja Morant,moranja01,PG,16.7,63,32.6,0.303,19.1,9603360.0
252,Marcus Morris,morrima03,PF,14.5,57,26.4,0.473,13.4,15627907.0
253,Markieff Morris,morrima02,PF,9.3,61,19.7,0.311,6.7,2641691.0
254,Monte Morris,morrimo01,PG,14.0,47,25.4,0.381,10.2,8333333.0
255,Dejounte Murray,murrade01,PG,16.5,67,31.9,0.317,15.7,15428571.0
256,Jamal Murray,murraja01,PG,18.3,48,35.5,0.408,21.2,31590000.0
257,Mike Muscala,muscami01,C,14.7,35,18.4,0.37,9.7,3500000.0
258,Svi Mykhailiuk,mykhasv01,SF-SG,10.4,66,20.1,0.334,8.5,1729217.0
259,Abdel Nader,naderab01,SF,13.4,24,14.8,0.419,6.7,2000000.0
260,Larry Nance Jr.,nancela02,PF,13.2,35,31.2,0.36,9.3,10690909.0
261,Aaron Nesmith,nesmiaa01,SF,9.4,46,14.5,0.37,4.7,3631200.0
262,Raul Neto,netora01,PG,13.0,64,21.9,0.39,8.7,2089448.0
263,Georges Niang,niangge01,PF,11.4,72,16.0,0.425,6.9,3300000.0
264,Zeke Nnaji,nnajize01,PF,11.3,42,9.5,0.407,3.2,2498760.0
265,Nerlens Noel,noelne01,C,14.8,64,24.2,0.0,5.1,8800000.0
266,Jaylen Nowell,nowelja01,SG,12.3,42,18.1,0.333,9.0,1782621.0
267,Frank Ntilikina,ntilila01,PG,7.7,33,9.8,0.479,2.7,1789256.0
268,Kendrick Nunn,nunnke01,PG,14.2,56,29.5,0.381,14.6,5000000.0
269,Jusuf Nurkić,nurkiju01,C,20.5,37,23.8,0.4,11.5,12000000.0
270,David Nwaba,nwabada01,SF,14.4,30,22.6,0.27,9.2,4650000.0
271,Jordan Nwora,nworajo01,SF,16.1,30,9.1,0.452,5.7,1517981.0
272,Royce O'Neale,onealro01,SF,9.9,71,31.6,0.385,7.0,8678571.0
273,Semi Ojeleye,ojelese01,PF,8.3,56,17.0,0.367,4.6,1789256.0
274,Chuma Okeke,okekech01,PF,11.8,45,25.2,0.348,7.8,3277080.0
275,Josh Okogie,okogijo01,SG,9.1,59,20.3,0.269,5.4,4087904.0
276,Onyeka Okongwu,okongon01,C,16.8,50,12.0,0.0,4.6,6104280.0
277,Isaac Okoro,okorois01,SG,7.9,67,32.4,0.29,9.6,6720720.0
278,KZ Okpala,okpalkz01,PF,5.2,37,12.1,0.24,2.5,1782621.0
279,Victor Oladipo,oladivi01,SG,14.3,33,32.7,0.326,19.8,2389641.0
280,Kelly Olynyk,olynyke01,C-PF,16.4,70,28.5,0.342,13.5,12195122.0
281,Miye Oni,onimi01,SG,6.4,54,9.6,0.341,1.9,1782621.0
282,Cedi Osman,osmande01,SF,10.3,59,25.6,0.306,10.4,8050000.0
283,Kelly Oubre Jr.,oubreke01,SF,13.3,55,30.7,0.316,15.4,12000000.0
284,Jabari Parker,parkeja01,PF,14.7,13,12.7,0.182,5.5,2239544.0
285,Eric Paschall,pascher01,PF,13.4,40,17.4,0.333,9.5,1782621.0
286,Chris Paul,paulch01,PG,21.4,70,31.4,0.395,16.4,30800000.0
287,Cameron Payne,payneca01,PG,17.4,60,18.0,0.44,8.4,6500000.0
288,Elfrid Payton,paytoel01,PG,11.7,63,23.6,0.286,10.1,2239544.0
289,Gary Payton II,paytoga02,PG,29.2,10,4.0,0.5,2.5,1939350.0
290,Mason Plumlee,plumlma01,C,18.7,56,26.8,0.0,10.4,8137500.0
291,Jakob Poeltl,poeltja01,C,17.5,69,26.7,,8.6,8750000.0
292,Aleksej Pokusevski,pokusal01,PF,6.1,45,24.2,0.28,8.2,3113160.0
293,Jordan Poole,poolejo01,SG,15.1,51,19.4,0.351,12.0,2161440.0
294,Kevin Porter Jr.,porteke02,SG,12.5,26,32.1,0.311,16.6,2130240.0
295,Michael Porter Jr.,portemi01,SF,20.6,61,31.3,0.445,19.0,5258735.0
296,Otto Porter,porteot01,SF-PF,14.5,28,21.6,0.375,9.7,2389641.0
297,Bobby Portis,portibo01,C,19.9,66,20.8,0.471,11.4,4347600.0
298,Kristaps Porziņģis,porzikr01,C,21.3,43,30.9,0.376,20.1,31650600.0
299,Dwight Powell,poweldw01,C,16.8,58,16.7,0.238,5.9,11000000.0
300,Norman Powell,powelno01,SG-SF,16.2,69,32.0,0.411,18.6,15517242.0
301,Taurean Prince,princta02,PF,12.1,41,22.1,0.4,9.5,15057692.0
302,Payton Pritchard,pritcpa01,SG,12.4,66,19.2,0.411,7.7,2137440.0
303,Immanuel Quickley,quickim01,PG,15.8,64,19.4,0.389,11.4,2210640.0
304,Jahmi'us Ramsey,ramseja01,SG,10.5,13,7.2,0.263,3.1,1517981.0
305,Julius Randle,randlju01,PF,19.7,71,37.6,0.411,24.1,19800000.0
306,Cam Reddish,reddica01,SF,9.3,26,28.8,0.262,11.2,4670160.0
307,Paul Reed,reedpa01,PF,21.2,26,6.8,0.0,3.4,1517981.0
308,Naz Reid,reidna01,C,18.2,70,19.2,0.351,11.2,1782621.0
309,Josh Richardson,richajo01,SG,11.9,59,30.3,0.33,12.1,11600000.0
310,Austin Rivers,riverau01,SG,9.9,36,23.5,0.369,7.9,2401537.0
311,Duncan Robinson,robindu01,SF,11.0,72,31.4,0.408,13.1,15560000.0
312,Mitchell Robinson,robinmi01,C,17.7,31,27.5,,8.3,1802057.0
313,Isaiah Roby,robyis01,PF,11.9,61,23.4,0.294,8.7,1782621.0
314,Rajon Rondo,rondora01,PG,13.2,45,17.1,0.404,5.4,2641691.0
315,Derrick Rose,rosede01,PG,18.3,50,25.6,0.388,14.7,13445120.0
316,Terrence Ross,rosste01,SG,13.2,46,29.3,0.337,15.6,12500000.0
317,Terry Rozier,roziete01,SG,17.1,69,34.5,0.389,20.4,17905263.0
318,Ricky Rubio,rubiori01,PG,13.5,68,26.1,0.308,8.6,17809524.0
319,D'Angelo Russell,russeda01,PG,17.6,42,28.5,0.387,19.0,30013500.0
320,Domantas Sabonis,sabondo01,PF,20.6,62,36.0,0.321,20.3,18562500.0
321,Luka Šamanić,samanlu01,PF,9.8,33,9.3,0.279,3.7,
322,Dario Šarić,saricda01,C,14.3,50,17.4,0.348,8.7,9000000.0
323,Tomáš Satoranský,satorto01,SG,13.8,58,22.5,0.356,7.7,10000000.0
324,Dennis Schröder,schrode01,SG,13.8,61,32.1,0.335,15.4,5890000.0
325,Collin Sexton,sextoco01,SG,18.0,60,35.3,0.371,24.3,6349671.0
326,Landry Shamet,shamela01,SG,10.3,61,23.0,0.387,9.3,3768342.0
327,Pascal Siakam,siakapa01,PF,17.7,56,35.8,0.297,21.4,31320000.0
328,Ben Simmons,simmobe01,PG,18.3,58,32.4,0.3,14.3,31590000.0
329,Anfernee Simons,simonan01,SG,12.3,64,17.3,0.426,7.8,3938818.0
330,Marcus Smart,smartma01,PG,13.8,48,32.9,0.33,13.1,14339285.0
331,Dennis Smith Jr.,smithde03,PG,13.6,23,18.3,0.328,6.7,1789256.0
332,Ish Smith,smithis01,PG,11.6,44,21.0,0.367,6.7,4500000.0
333,Jalen Smith,smithja04,PF,8.4,27,5.8,0.235,2.0,4458000.0
334,Tony Snell,snellto01,SG,9.5,47,21.1,0.569,5.3,2389641.0
335,Lamar Stevens,stevela01,PF,10.5,40,12.5,0.16,4.1,1517981.0
336,Isaiah Stewart,stewais01,C,16.4,68,21.4,0.333,7.9,3277080.0
337,Max Strus,strusma01,SF,12.1,39,13.0,0.338,6.1,1669178.0
338,Jae'Sean Tate,tateja01,SF,13.8,70,29.2,0.308,11.3,1517981.0
339,Jayson Tatum,tatumja01,SF,21.3,64,35.8,0.386,26.4,28103550.0
340,Garrett Temple,templga01,SG,8.2,56,27.3,0.335,7.6,4910000.0
341,Daniel Theis,theisda01,C,15.0,65,24.6,0.322,9.6,8372093.0
342,Matt Thomas,thomama02,SG,9.1,45,7.2,0.338,3.1,1669178.0
343,Tristan Thompson,thomptr01,PF,14.2,54,23.8,0.0,7.6,9720900.0
344,Matisse Thybulle,thybuma01,SG,10.1,65,20.0,0.301,3.9,2840160.0
345,Xavier Tillman Sr.,tillmxa01,PF,14.7,59,18.4,0.338,6.6,1517981.0
346,Obi Toppin,toppiob01,PF,12.7,62,11.0,0.306,4.1,5105160.0
347,Juan Toscano-Anderson,toscaju01,SG,12.6,53,20.9,0.402,5.7,1701593.0
348,Karl-Anthony Towns,townska01,C,23.1,50,33.8,0.387,24.8,31610000.0
349,Gary Trent Jr.,trentga02,SG,12.1,58,31.1,0.385,15.3,16000000.0
350,P.J. Tucker,tuckepj01,PF,5.5,52,26.1,0.336,3.7,7000000.0
351,Myles Turner,turnemy01,C,15.3,47,31.0,0.335,12.6,18000000.0
352,Jonas Valančiūnas,valanjo01,C,24.4,62,28.3,0.368,17.1,14000000.0
353,Denzel Valentine,valende01,SG,10.1,62,16.7,0.331,6.5,1789256.0
354,Jarred Vanderbilt,vandeja01,PF,16.2,64,17.8,0.2,5.4,4259259.0
355,Fred VanVleet,vanvlfr01,SG,16.8,52,36.5,0.366,19.6,19675926.0
356,Devin Vassell,vassede01,SF,10.6,62,17.0,0.347,5.5,4235160.0
357,Gabe Vincent,vincega01,PG,7.6,50,13.1,0.309,4.8,1669178.0
358,Nikola Vučević,vucevni01,C,22.9,70,33.5,0.4,23.4,24000000.0
359,Dean Wade,wadede01,PF,11.3,63,19.2,0.366,6.0,1782621.0
360,Moritz Wagner,wagnemo01,C,12.5,45,16.0,0.341,6.9,1729217.0
361,Kemba Walker,walkeke02,PG,17.7,43,31.8,0.36,19.3,8729020.0
362,Lonnie Walker,walkelo01,SG,9.8,60,25.4,0.355,11.2,4447896.0
363,John Wall,walljo01,PG,15.4,40,32.2,0.317,20.6,44310840.0
364,Brad Wanamaker,wanambr01,PG,9.5,61,17.3,0.188,5.5,1729217.0
365,T.J. Warren,warretj01,SF,11.6,4,29.3,0.0,15.5,12690000.0
366,P.J. Washington,washipj01,PF,13.4,64,30.5,0.386,12.9,4215120.0
367,Yuta Watanabe,watanyu01,SF,12.2,50,14.5,0.4,4.4,1762769.0
368,Russell Westbrook,westbru01,PG,19.5,65,36.4,0.315,22.2,44211146.0
369,Coby White,whiteco01,PG,12.0,69,31.2,0.359,15.1,5837760.0
370,Derrick White,whitede01,SG,15.0,36,29.6,0.346,15.4,15178571.0
371,Hassan Whiteside,whiteha01,C,19.2,36,15.2,0.0,8.1,2401537.0
372,Andrew Wiggins,wiggian01,PF,15.0,71,33.3,0.38,18.6,31579390.0
373,Grant Williams,willigr01,PF,7.5,63,18.1,0.372,4.7,2617800.0
374,Kenrich Williams,willike04,PF,14.0,66,21.6,0.444,8.0,2000000.0
375,Lou Williams,willilo02,PG,14.0,66,21.6,0.399,11.3,5000000.0
376,Patrick Williams,willipa01,PF,10.5,71,27.9,0.391,9.2,7422000.0
377,Robert Williams,williro04,C,25.7,52,18.9,0.0,8.0,3661976.0
378,Zion Williamson,willizi01,PF,27.1,61,33.2,0.294,27.0,10733400.0
379,Dylan Windler,windldy01,SF,10.8,31,16.5,0.338,5.2,2239200.0
380,Justise Winslow,winslju01,SF,6.2,26,19.5,0.185,6.8,3902439.0
381,James Wiseman,wisemja01,C,13.1,39,21.4,0.316,11.5,9166800.0
382,Christian Wood,woodch01,C,20.0,41,32.3,0.374,21.0,13666667.0
383,Robert Woodard,woodaro01,SF,12.5,13,3.5,0.167,1.5,1517981.0
384,Delon Wright,wrighde01,SG-PG,16.3,63,27.7,0.372,10.2,8526316.0
385,Thaddeus Young,youngth01,PF,20.3,68,24.3,0.267,12.1,14190000.0
386,Trae Young,youngtr01,PG,23.0,63,33.7,0.343,25.3,8326471.0
387,Cody Zeller,zelleco01,C,18.2,48,20.9,0.143,9.4,2389641.0
388,Ivica Zubac,zubaciv01,C,19.1,72,22.3,0.25,9.0,7518518.0
